<?xml version="1.0"?>
<schema version="0.3">
    <table name="btBigBusinessCta">
        <field name="bID" type="I">
            <key ></key>
            <unsigned ></unsigned>
		</field>
		<field name="heading" type="X2">
		</field>
		<field name="ctaTitle1" type="X2">
		</field>
		<field name="ctaDesc1" type="X2">
		</field>
		<field name="ctaTitle2" type="X2">
		</field>
		<field name="ctaDesc2" type="X2">
		</field>
		<field name="ctaTitle3" type="X2">
		</field>
		<field name="ctaDesc3" type="X2">
		</field>
	</table>
</schema>